name,quantity
a,3982
et,682
in,511
at,488
ac,385
est,258
ut,256
id,231
eu,219
nec,179
vel,169
quam,150
sed,131
per,130
non,129
quis,122
elit,119
vitae,111
erat,107
eget,107
sem,103
amet,103
sit,103
Sed,93
mus,91
ipsum,85
In,85
tincidunt,77
tortor,74
mi,74
Nulla,74
ad,71
orci,70
Donec,69
arcu,67
tellus,65
libero,64
nibh,64
justo,63
faucibus,63
metus,63
turpis,63
ante,62
nisi,61
nulla,61
velit,61
dis,61
lorem,61
sapien,61
malesuada,60
felis,60
massa,59
lacus,59
ultricies,58
commodo,58
egestas,57
Suspendisse,57
purus,57
ligula,56
dolor,56
efficitur,56
nunc,55
enim,55
urna,55
mauris,54
odio,54
ex,54
rutrum,54
volutpat,54
neque,53
diam,53
Praesent,52
ornare,51
pharetra,50
risus,50
nisl,49
euismod,49
interdum,49
Pellentesque,49
Aliquam,49
pretium,49
fringilla,49
pellentesque,49
Vestibulum,48
augue,48
dictum,48
molestie,48
ultrices,48
pulvinar,47
ullamcorper,47
condimentum,47
maximus,47
venenatis,46
convallis,46
auctor,46
hendrerit,46
fermentum,46
eros,46
magna,46
suscipit,45
leo,45
aliquam,45
tristique,45
Morbi,45
vehicula,45
consectetur,44
sollicitudin,44
elementum,44
blandit,44
mattis,44
Integer,44
aliquet,44
laoreet,44
luctus,44
varius,43
iaculis,43
dui,43
scelerisque,43
Curabitur,43
posuere,42
bibendum,42
sodales,41
vulputate,41
facilisi,41
lectus,41
Mauris,41
Proin,41
accumsan,40
sagittis,40
mollis,40
cursus,40
feugiat,40
Vivamus,40
porttitor,40
Ut,39
consequat,39
Duis,39
vestibulum,38
finibus,38
Maecenas,38
Quisque,37
lobortis,37
tempor,37
Cras,37
imperdiet,37
viverra,37
semper,36
eleifend,36
Aenean,36
dignissim,36
facilisis,35
Nullam,34
dapibus,34
Phasellus,33
Nam,33
gravida,33
Nunc,33
lacinia,33
congue,33
tempus,31
Etiam,30
placerat,30
porta,29
rhoncus,29
Fusce,27
primis,14
fames,12
Interdum,8
cubilia,6
curae;,6
adipiscing,6
Lorem,6
aptent,5
conubia,5
himenaeos,5
taciti,5
Class,5
torquent,5
inceptos,5
sociosqu,5
litora,5
nostra,5
Orci,4
parturient,4
senectus,4
natoque,4
nascetur,4
habitasse,4
morbi,4
potenti,4
ridiculus,4
hac,4
magnis,4
dictumst,4
penatibus,4
habitant,4
montes,4
netus,4
platea,4
